backbone,position,consensus_aa,n_unique_aa,entropy_bits,is_tolerant,residues_seen
design_0_0,1,M,1,-0.0,False,M
design_0_0,2,E,2,0.5436,True,AE
design_0_0,3,A,2,0.8113,True,AV
design_0_0,4,S,1,-0.0,False,S
design_0_0,5,D,1,-0.0,False,D
design_0_0,6,K,3,1.5,True,KLR
design_0_0,7,L,1,-0.0,False,L
design_0_0,8,A,1,-0.0,False,A
design_0_0,9,A,2,0.9544,True,AE
design_0_0,10,A,2,0.8113,True,AH
design_0_0,11,L,1,-0.0,False,L
design_0_0,12,K,2,0.9544,True,AK
design_0_0,13,E,3,1.2988,True,ADE
design_0_0,14,L,1,-0.0,False,L
design_0_0,15,Q,3,1.2988,True,AKQ
design_0_0,16,A,1,-0.0,False,A
design_0_0,17,L,3,1.5613,True,ALM
design_0_0,18,A,1,-0.0,False,A
design_0_0,19,D,3,1.0613,True,ADE
design_0_0,20,A,1,-0.0,False,A
design_0_0,21,A,1,-0.0,False,A
design_0_0,22,I,4,1.75,True,AIKR
design_0_0,23,A,1,-0.0,False,A
design_0_0,24,S,2,0.5436,True,AS
design_0_0,25,G,1,-0.0,False,G
design_0_0,26,D,3,1.0613,True,ADK
design_0_0,27,L,2,0.5436,True,AL
design_0_0,28,A,2,0.9544,True,AE
design_0_0,29,A,2,0.8113,True,AE
design_0_0,30,G,1,-0.0,False,G
design_0_0,31,A,3,1.4056,True,ALR
design_0_0,32,A,1,-0.0,False,A
design_0_0,33,A,1,-0.0,False,A
design_0_0,34,L,2,0.5436,True,LV
design_0_0,35,R,3,1.4056,True,AER
design_0_0,36,A,1,-0.0,False,A
design_0_0,37,R,3,1.4056,True,ALR
design_0_0,38,G,1,-0.0,False,G
design_0_0,39,E,3,1.0613,True,ADE
design_0_0,40,A,2,0.8113,True,AE
design_0_0,41,A,2,0.5436,True,AK
design_0_0,42,A,1,-0.0,False,A
design_0_0,43,K,4,1.9056,True,AEKR
design_0_0,44,E,1,-0.0,False,E
design_0_0,45,L,1,-0.0,False,L
design_0_0,46,E,2,0.8113,True,AE
design_0_0,47,A,3,1.5613,True,AEK
design_0_0,48,L,2,0.5436,True,LM
design_0_0,49,S,1,-0.0,False,S
design_0_0,50,P,3,1.0613,True,AEP
design_0_0,51,G,2,1.0,True,AG
design_0_0,52,K,3,1.5,True,AHK
design_0_0,53,G,1,-0.0,False,G
design_0_0,54,L,4,1.5488,True,AKLR
design_0_0,55,A,2,1.0,True,AT
design_0_0,56,M,1,-0.0,False,M
design_0_0,57,R,2,0.8113,True,AR
design_0_0,58,A,1,-0.0,False,A
design_0_0,59,A,1,-0.0,False,A
design_0_0,60,T,1,-0.0,False,T
design_0_0,61,E,3,1.5613,True,ADE
design_0_0,62,S,1,-0.0,False,S
design_0_0,63,I,2,0.8113,True,IL
design_0_0,64,L,2,0.5436,True,AL
design_0_0,65,A,1,-0.0,False,A
design_0_0,66,A,2,0.5436,True,AD
design_0_0,67,L,3,1.0613,True,ILV
design_0_0,68,A,2,0.8113,True,AR
design_0_0,69,A,2,0.5436,True,AK
design_0_0,70,A,1,-0.0,False,A
design_10_0,1,A,1,-0.0,False,A
design_10_0,2,A,2,0.5436,True,AL
design_10_0,3,A,2,0.5436,True,AE
design_10_0,4,A,2,0.5436,True,AE
design_10_0,5,A,2,0.5436,True,AL
design_10_0,6,L,2,0.8113,True,AL
design_10_0,7,A,2,0.8113,True,AE
design_10_0,8,A,1,-0.0,False,A
design_10_0,9,A,2,0.5436,True,AT
design_10_0,10,K,4,1.5488,True,AKLR
design_10_0,11,A,2,0.5436,True,AK
design_10_0,12,A,2,0.8113,True,AE
design_10_0,13,C,1,-0.0,False,C
design_10_0,14,A,2,0.8113,True,AE
design_10_0,15,E,2,1.0,True,AE
design_10_0,16,A,1,-0.0,False,A
design_10_0,17,L,2,0.9544,True,LR
design_10_0,18,T,2,0.9544,True,ET
design_10_0,19,A,1,-0.0,False,A
design_10_0,20,A,1,-0.0,False,A
design_10_0,21,S,2,0.5436,True,SV
design_10_0,22,E,5,2.25,True,EKLQR
design_10_0,23,Q,5,2.25,True,ADEKQ
design_10_0,24,T,3,1.0613,True,AFT
design_10_0,25,H,3,1.2988,True,AHL
design_10_0,26,E,3,1.2988,True,ADE
design_10_0,27,L,3,1.5613,True,ALR
design_10_0,28,F,3,1.4056,True,FMS
design_10_0,29,R,1,-0.0,False,R
design_10_0,30,E,2,1.0,True,AE
design_10_0,31,G,1,-0.0,False,G
design_10_0,32,M,1,-0.0,False,M
design_10_0,33,A,3,1.4056,True,AKR
design_10_0,34,F,2,0.9544,True,FY
design_10_0,35,Y,2,0.5436,True,EY
design_10_0,36,D,1,-0.0,False,D
design_10_0,37,E,2,0.8113,True,AE
design_10_0,38,G,1,-0.0,False,G
design_10_0,39,D,1,-0.0,False,D
design_10_0,40,P,2,0.8113,True,EP
design_10_0,41,E,2,0.5436,True,AE
design_10_0,42,E,2,1.0,True,AE
design_10_0,43,G,1,-0.0,False,G
design_10_0,44,L,2,0.5436,True,LQ
design_10_0,45,A,3,1.0613,True,AEQ
design_10_0,46,Y,3,1.5,True,HKY
design_10_0,47,L,1,-0.0,False,L
design_10_0,48,R,1,-0.0,False,R
design_10_0,49,E,3,1.0613,True,AEQ
design_10_0,50,L,4,1.8113,True,AKLQ
design_10_0,51,A,1,-0.0,False,A
design_10_0,52,A,3,1.0613,True,AQR
design_10_0,53,A,2,0.5436,True,AE
design_10_0,54,A,2,0.9544,True,AS
design_10_0,55,K,3,1.5,True,AEK
design_10_0,56,A,2,0.5436,True,AK
design_10_0,57,A,5,2.1556,True,ADELR
design_10_0,58,L,2,0.9544,True,IL
design_10_0,59,D,4,1.75,True,ADKR
design_10_0,60,A,1,-0.0,False,A
design_10_0,61,V,1,-0.0,False,V
design_10_0,62,A,3,1.5,True,ALQ
design_10_0,63,A,1,-0.0,False,A
design_10_0,64,A,1,-0.0,False,A
design_10_0,65,C,1,-0.0,False,C
design_10_0,66,A,2,0.8113,True,AK
design_10_0,67,A,1,-0.0,False,A
design_10_0,68,A,1,-0.0,False,A
design_10_0,69,L,2,0.5436,True,AL
design_10_0,70,A,1,-0.0,False,A
design_11_0,1,A,2,1.0,True,AS
design_11_0,2,E,2,0.8113,True,AE
design_11_0,3,E,3,1.0613,True,AEK
design_11_0,4,L,2,0.5436,True,KL
design_11_0,5,K,4,1.75,True,EKLR
design_11_0,6,A,2,0.9544,True,AK
design_11_0,7,E,3,1.4056,True,EKL
design_11_0,8,A,1,-0.0,False,A
design_11_0,9,E,2,0.9544,True,AE
design_11_0,10,E,3,1.4056,True,EKR
design_11_0,11,L,2,0.5436,True,AL
design_11_0,12,K,4,1.9056,True,AEKR
design_11_0,13,A,2,0.5436,True,AK
design_11_0,14,E,2,0.9544,True,EK
design_11_0,15,A,2,0.5436,True,AS
design_11_0,16,A,3,1.4056,True,AEK
design_11_0,17,A,3,1.5,True,AEK
design_11_0,18,A,2,0.5436,True,AY
design_11_0,19,K,2,0.5436,True,KR
design_11_0,20,A,1,-0.0,False,A
design_11_0,21,E,2,0.9544,True,EK
design_11_0,22,A,2,0.5436,True,AM
design_11_0,23,K,3,1.0613,True,AKR
design_11_0,24,A,3,1.5,True,AEK
design_11_0,25,L,2,0.5436,True,LQ
design_11_0,26,G,1,-0.0,False,G
design_11_0,27,A,1,-0.0,False,A
design_11_0,28,E,3,1.2988,True,EKQ
design_11_0,29,A,1,-0.0,False,A
design_11_0,30,A,3,1.2988,True,ADS
design_11_0,31,A,1,-0.0,False,A
design_11_0,32,L,1,-0.0,False,L
design_11_0,33,A,1,-0.0,False,A
design_11_0,34,A,2,0.8113,True,AK
design_11_0,35,A,1,-0.0,False,A
design_11_0,36,G,1,-0.0,False,G
design_11_0,37,G,1,-0.0,False,G
design_11_0,38,D,2,0.5436,True,DK
design_11_0,39,S,3,1.4056,True,APS
design_11_0,40,E,2,0.5436,True,AE
design_11_0,41,E,1,-0.0,False,E
design_11_0,42,I,2,0.5436,True,IV
design_11_0,43,N,1,-0.0,False,N
design_11_0,44,A,3,1.4056,True,AEK
design_11_0,45,K,2,1.0,True,KL
design_11_0,46,L,1,-0.0,False,L
design_11_0,47,K,2,0.9544,True,KR
design_11_0,48,K,3,1.5613,True,AEK
design_11_0,49,A,1,-0.0,False,A
design_11_0,50,V,2,1.0,True,IV
design_11_0,51,E,3,1.5613,True,AEK
design_11_0,52,K,4,1.75,True,AKLY
design_11_0,53,G,1,-0.0,False,G
design_11_0,54,D,2,1.0,True,DE
design_11_0,55,K,2,0.9544,True,EK
design_11_0,56,A,2,0.9544,True,AS
design_11_0,57,E,3,1.2988,True,EIL
design_11_0,58,E,2,0.5436,True,ER
design_11_0,59,Y,4,1.5488,True,AKLY
design_11_0,60,E,2,0.5436,True,ER
design_11_0,61,E,3,1.5613,True,AEK
design_11_0,62,K,3,1.0613,True,EKQ
design_11_0,63,A,1,-0.0,False,A
design_11_0,64,K,2,0.9544,True,AK
design_11_0,65,E,4,1.5488,True,AEKR
design_11_0,66,L,1,-0.0,False,L
design_11_0,67,E,4,1.75,True,EKLR
design_11_0,68,A,2,0.5436,True,AE
design_11_0,69,K,3,1.5,True,EKS
design_11_0,70,L,1,-0.0,False,L
design_12_0,1,S,2,0.8113,True,NS
design_12_0,2,E,2,1.0,True,AE
design_12_0,3,K,2,1.0,True,EK
design_12_0,4,A,2,0.9544,True,AV
design_12_0,5,A,3,1.5,True,AEK
design_12_0,6,E,3,1.2988,True,AEQ
design_12_0,7,L,1,-0.0,False,L
design_12_0,8,K,4,1.75,True,AEKQ
design_12_0,9,A,2,0.5436,True,AE
design_12_0,10,K,3,1.2988,True,EKQ
design_12_0,11,A,1,-0.0,False,A
design_12_0,12,A,3,1.2988,True,AEK
design_12_0,13,A,3,1.4056,True,AEK
design_12_0,14,A,1,-0.0,False,A
design_12_0,15,K,4,1.9056,True,AEKR
design_12_0,16,A,3,1.2988,True,AEK
design_12_0,17,E,3,1.2988,True,EKQ
design_12_0,18,A,2,1.0,True,AM
design_12_0,19,A,2,1.0,True,AQ
design_12_0,20,E,4,1.75,True,AEKR
design_12_0,21,L,3,1.2988,True,AKL
design_12_0,22,A,2,0.5436,True,AG
design_12_0,23,A,3,1.4056,True,AEK
design_12_0,24,K,3,1.4056,True,EKQ
design_12_0,25,M,2,0.9544,True,AM
design_12_0,26,R,3,1.2988,True,KNR
design_12_0,27,E,4,1.5488,True,AEKR
design_12_0,28,Y,2,0.8113,True,AY
design_12_0,29,A,2,0.5436,True,AN
design_12_0,30,E,2,1.0,True,EK
design_12_0,31,L,3,1.0613,True,AKL
design_12_0,32,A,2,0.5436,True,AS
design_12_0,33,K,3,1.0613,True,KLR
design_12_0,34,K,3,1.5613,True,AEK
design_12_0,35,E,2,0.8113,True,EK
design_12_0,36,D,1,-0.0,False,D
design_12_0,37,H,3,1.5613,True,HKR
design_12_0,38,E,2,0.9544,True,DE
design_12_0,39,E,2,0.5436,True,AE
design_12_0,40,N,1,-0.0,False,N
design_12_0,41,S,1,-0.0,False,S
design_12_0,42,K,4,1.5488,True,AKQR
design_12_0,43,K,2,0.8113,True,KL
design_12_0,44,A,2,0.5436,True,AM
design_12_0,45,A,1,-0.0,False,A
design_12_0,46,E,3,1.0613,True,EKQ
design_12_0,47,Y,3,1.5,True,AEY
design_12_0,48,A,2,0.9544,True,AM
design_12_0,49,R,2,1.0,True,KR
design_12_0,50,K,4,1.9056,True,AEKQ
design_12_0,51,A,1,-0.0,False,A
design_12_0,52,I,1,-0.0,False,I
design_12_0,53,E,3,1.2988,True,AEK
design_12_0,54,A,4,1.8113,True,AEKL
design_12_0,55,G,1,-0.0,False,G
design_12_0,56,E,2,0.9544,True,DE
design_12_0,57,K,3,1.0613,True,EKQ
design_12_0,58,A,1,-0.0,False,A
design_12_0,59,D,3,1.4056,True,ADK
design_12_0,60,E,4,1.75,True,AEQR
design_12_0,61,L,2,0.9544,True,LY
design_12_0,62,K,3,1.5,True,AKT
design_12_0,63,A,2,0.5436,True,AE
design_12_0,64,E,3,1.4056,True,EKQ
design_12_0,65,A,1,-0.0,False,A
design_12_0,66,A,2,0.9544,True,AE
design_12_0,67,A,3,1.0613,True,AEK
design_12_0,68,L,1,-0.0,False,L
design_12_0,69,A,4,1.9056,True,AEKL
design_12_0,70,A,1,-0.0,False,A
design_13_0,1,S,1,-0.0,False,S
design_13_0,2,A,2,0.5436,True,AE
design_13_0,3,A,2,0.9544,True,AE
design_13_0,4,A,3,1.4056,True,ADE
design_13_0,5,L,4,1.9056,True,AELR
design_13_0,6,A,3,1.0613,True,AEQ
design_13_0,7,R,3,1.0613,True,ALR
design_13_0,8,A,4,1.9056,True,AKRT
design_13_0,9,R,3,1.5,True,AKR
design_13_0,10,A,3,1.0613,True,AEQ
design_13_0,11,I,2,1.0,True,IQ
design_13_0,12,A,1,-0.0,False,A
design_13_0,13,Y,1,-0.0,False,Y
design_13_0,14,G,1,-0.0,False,G
design_13_0,15,I,3,1.4056,True,ILM
design_13_0,16,G,1,-0.0,False,G
design_13_0,17,Y,1,-0.0,False,Y
design_13_0,18,A,1,-0.0,False,A
design_13_0,19,A,2,0.5436,True,AG
design_13_0,20,V,2,0.9544,True,AV
design_13_0,21,V,1,-0.0,False,V
design_13_0,22,S,2,0.8113,True,ST
design_13_0,23,G,2,0.5436,True,GN
design_13_0,24,E,1,-0.0,False,E
design_13_0,25,E,3,1.4056,True,AEK
design_13_0,26,L,2,0.8113,True,LT
design_13_0,27,F,5,2.1556,True,FGHLY
design_13_0,28,E,1,-0.0,False,E
design_13_0,29,K,3,1.2988,True,AKQ
design_13_0,30,A,3,1.5,True,AIV
design_13_0,31,K,2,0.9544,True,AK
design_13_0,32,E,2,0.5436,True,AE
design_13_0,33,T,2,0.9544,True,TV
design_13_0,34,Y,1,-0.0,False,Y
design_13_0,35,A,2,0.9544,True,AK
design_13_0,36,E,1,-0.0,False,E
design_13_0,37,W,5,2.1556,True,DHLQW
design_13_0,38,A,1,-0.0,False,A
design_13_0,39,E,3,1.4056,True,AEP
design_13_0,40,L,3,1.4056,True,ILT
design_13_0,41,I,2,1.0,True,IL
design_13_0,42,E,5,2.1556,True,DEKRT
design_13_0,43,E,2,1.0,True,AE
design_13_0,44,A,3,1.0613,True,AEK
design_13_0,45,Y,1,-0.0,False,Y
design_13_0,46,E,2,0.8113,True,AE
design_13_0,47,E,3,1.0613,True,EKR
design_13_0,48,A,1,-0.0,False,A
design_13_0,49,K,1,-0.0,False,K
design_13_0,50,A,2,0.8113,True,AK
design_13_0,51,E,4,1.8113,True,AEQR
design_13_0,52,V,4,1.9056,True,HLVY
design_13_0,53,E,2,0.9544,True,AE
design_13_0,54,A,3,1.2988,True,AEK
design_13_0,55,E,3,1.2988,True,DER
design_13_0,56,E,1,-0.0,False,E
design_13_0,57,A,1,-0.0,False,A
design_13_0,58,A,1,-0.0,False,A
design_13_0,59,E,2,0.9544,True,AE
design_13_0,60,A,4,1.75,True,AEKR
design_13_0,61,A,1,-0.0,False,A
design_13_0,62,A,1,-0.0,False,A
design_13_0,63,E,2,1.0,True,AE
design_13_0,64,A,4,1.75,True,AELR
design_13_0,65,A,3,1.2988,True,AEL
design_13_0,66,A,2,0.5436,True,AE
design_13_0,67,A,3,1.2988,True,AER
design_13_0,68,A,2,0.9544,True,AL
design_13_0,69,L,3,1.2988,True,ALR
design_13_0,70,A,2,0.5436,True,AR
design_14_0,1,S,1,-0.0,False,S
design_14_0,2,A,2,1.0,True,AS
design_14_0,3,A,2,0.5436,True,AS
design_14_0,4,V,3,1.2988,True,LRV
design_14_0,5,E,2,1.0,True,EK
design_14_0,6,A,2,1.0,True,AS
design_14_0,7,V,2,0.9544,True,IV
design_14_0,8,E,3,1.2988,True,DEQ
design_14_0,9,Q,2,0.9544,True,AQ
design_14_0,10,A,1,-0.0,False,A
design_14_0,11,V,4,1.5488,True,AKRV
design_14_0,12,A,2,0.5436,True,AS
design_14_0,13,T,2,0.9544,True,AT
design_14_0,14,A,2,0.5436,True,AS
design_14_0,15,R,4,1.75,True,AQRT
design_14_0,16,A,1,-0.0,False,A
design_14_0,17,N,2,0.5436,True,AN
design_14_0,18,L,4,1.75,True,AHLQ
design_14_0,19,D,2,0.8113,True,AD
design_14_0,20,A,2,0.5436,True,AK
design_14_0,21,V,1,-0.0,False,V
design_14_0,22,Y,2,0.8113,True,TY
design_14_0,23,A,1,-0.0,False,A
design_14_0,24,A,2,0.5436,True,AR
design_14_0,25,R,3,1.2988,True,AER
design_14_0,26,R,3,1.5613,True,ALR
design_14_0,27,A,1,-0.0,False,A
design_14_0,28,A,1,-0.0,False,A
design_14_0,29,A,1,-0.0,False,A
design_14_0,30,E,4,1.75,True,AEKL
design_14_0,31,A,1,-0.0,False,A
design_14_0,32,E,3,1.4056,True,AER
design_14_0,33,G,1,-0.0,False,G
design_14_0,34,A,1,-0.0,False,A
design_14_0,35,K,3,1.2988,True,AEK
design_14_0,36,A,2,0.8113,True,AL
design_14_0,37,T,3,1.2988,True,DST
design_14_0,38,P,2,0.5436,True,AP
design_14_0,39,E,2,0.9544,True,AE
design_14_0,40,E,2,0.8113,True,ET
design_14_0,41,R,2,0.9544,True,AR
design_14_0,42,A,1,-0.0,False,A
design_14_0,43,A,1,-0.0,False,A
design_14_0,44,L,2,0.5436,True,AL
design_14_0,45,L,2,0.5436,True,AL
design_14_0,46,A,1,-0.0,False,A
design_14_0,47,A,1,-0.0,False,A
design_14_0,48,V,1,-0.0,False,V
design_14_0,49,A,3,1.4056,True,ADE
design_14_0,50,A,1,-0.0,False,A
design_14_0,51,E,3,1.4056,True,AER
design_14_0,52,R,1,-0.0,False,R
design_14_0,53,A,1,-0.0,False,A
design_14_0,54,A,1,-0.0,False,A
design_14_0,55,A,1,-0.0,False,A
design_14_0,56,L,4,1.9056,True,DELQ
design_14_0,57,A,1,-0.0,False,A
design_14_0,58,S,2,1.0,True,AS
design_14_0,59,L,2,0.5436,True,IL
design_14_0,60,A,3,1.2988,True,ADE
design_14_0,61,A,2,0.5436,True,AR
design_14_0,62,A,1,-0.0,False,A
design_14_0,63,R,4,1.9056,True,ERTY
design_14_0,64,A,3,1.2988,True,AEQ
design_14_0,65,K,2,1.0,True,AK
design_14_0,66,A,2,0.5436,True,AG
design_14_0,67,L,2,0.8113,True,LV
design_14_0,68,A,1,-0.0,False,A
design_14_0,69,D,1,-0.0,False,D
design_14_0,70,I,2,0.9544,True,IV
design_15_0,1,A,3,1.0613,True,AER
design_15_0,2,L,2,0.8113,True,AL
design_15_0,3,A,2,0.5436,True,AE
design_15_0,4,A,1,-0.0,False,A
design_15_0,5,A,2,0.5436,True,AV
design_15_0,6,E,4,1.75,True,AELR
design_15_0,7,A,2,0.5436,True,AK
design_15_0,8,A,3,1.4056,True,AEK
design_15_0,9,A,2,0.5436,True,AH
design_15_0,10,A,3,1.2988,True,AEK
design_15_0,11,A,2,0.5436,True,AE
design_15_0,12,R,5,2.1556,True,AEKRT
design_15_0,13,L,4,1.75,True,ELRT
design_15_0,14,A,3,1.0613,True,AEK
design_15_0,15,E,4,1.5488,True,AEKR
design_15_0,16,L,1,-0.0,False,L
design_15_0,17,T,2,0.5436,True,TV
design_15_0,18,A,2,0.9544,True,AE
design_15_0,19,K,5,2.1556,True,EKQRT
design_15_0,20,M,2,0.5436,True,LM
design_15_0,21,S,2,1.0,True,NS
design_15_0,22,A,4,1.75,True,ADEK
design_15_0,23,Y,5,2.1556,True,AELQY
design_15_0,24,A,2,0.5436,True,AF
design_15_0,25,A,4,1.8113,True,AKQR
design_15_0,26,A,3,1.5,True,AEK
design_15_0,27,A,1,-0.0,False,A
design_15_0,28,F,1,-0.0,False,F
design_15_0,29,A,2,0.5436,True,AK
design_15_0,30,A,1,-0.0,False,A
design_15_0,31,L,1,-0.0,False,L
design_15_0,32,D,1,-0.0,False,D
design_15_0,33,A,1,-0.0,False,A
design_15_0,34,G,1,-0.0,False,G
design_15_0,35,D,1,-0.0,False,D
design_15_0,36,A,2,0.9544,True,AE
design_15_0,37,A,2,0.5436,True,AE
design_15_0,38,A,3,1.2988,True,AKT
design_15_0,39,A,1,-0.0,False,A
design_15_0,40,A,2,0.9544,True,AK
design_15_0,41,A,2,0.9544,True,AE
design_15_0,42,Y,3,1.5,True,AEY
design_15_0,43,A,2,1.0,True,AC
design_15_0,44,A,1,-0.0,False,A
design_15_0,45,A,3,1.4056,True,AKQ
design_15_0,46,L,2,0.5436,True,AL
design_15_0,47,A,1,-0.0,False,A
design_15_0,48,A,3,1.0613,True,AEK
design_15_0,49,A,1,-0.0,False,A
design_15_0,50,A,1,-0.0,False,A
design_15_0,51,A,3,1.0613,True,AEK
design_15_0,52,E,3,1.4056,True,AEK
design_15_0,53,L,2,1.0,True,AL
design_15_0,54,R,5,2.0,True,AEKRT
design_15_0,55,A,2,0.5436,True,AK
design_15_0,56,T,4,1.75,True,ANTV
design_15_0,57,I,3,1.0613,True,IRV
design_15_0,58,A,2,0.5436,True,AE
design_15_0,59,A,3,1.4056,True,AEK
design_15_0,60,R,4,1.5488,True,AERY
design_15_0,61,A,4,1.9056,True,ADKN
design_15_0,62,A,3,1.0613,True,AEK
design_15_0,63,A,3,1.4056,True,AKT
design_15_0,64,L,4,1.75,True,KLQR
design_15_0,65,A,1,-0.0,False,A
design_15_0,66,A,1,-0.0,False,A
design_15_0,67,A,1,-0.0,False,A
design_15_0,68,A,1,-0.0,False,A
design_15_0,69,A,1,-0.0,False,A
design_15_0,70,A,2,0.5436,True,AE
design_16_0,1,L,2,0.8113,True,LM
design_16_0,2,K,1,-0.0,False,K
design_16_0,3,E,2,0.5436,True,EK
design_16_0,4,E,1,-0.0,False,E
design_16_0,5,A,1,-0.0,False,A
design_16_0,6,E,2,0.5436,True,EK
design_16_0,7,K,3,1.0613,True,EKR
design_16_0,8,R,1,-0.0,False,R
design_16_0,9,A,2,1.0,True,AN
design_16_0,10,K,3,1.4056,True,EKR
design_16_0,11,E,2,0.5436,True,EK
design_16_0,12,A,1,-0.0,False,A
design_16_0,13,E,1,-0.0,False,E
design_16_0,14,E,2,0.9544,True,EK
design_16_0,15,A,4,1.75,True,AEKR
design_16_0,16,G,1,-0.0,False,G
design_16_0,17,K,4,1.9056,True,AEKR
design_16_0,18,K,3,1.4056,True,EKR
design_16_0,19,A,2,1.0,True,AE
design_16_0,20,E,4,1.75,True,AEKN
design_16_0,21,A,1,-0.0,False,A
design_16_0,22,E,2,1.0,True,AE
design_16_0,23,L,1,-0.0,False,L
design_16_0,24,E,3,1.4056,True,ADE
design_16_0,25,A,2,0.5436,True,AK
design_16_0,26,E,2,0.9544,True,AE
design_16_0,27,R,2,0.5436,True,KR
design_16_0,28,A,1,-0.0,False,A
design_16_0,29,A,2,0.8113,True,AL
design_16_0,30,A,3,1.2988,True,ALR
design_16_0,31,A,1,-0.0,False,A
design_16_0,32,A,2,0.8113,True,AL
design_16_0,33,A,2,0.9544,True,AL
design_16_0,34,A,2,0.5436,True,AL
design_16_0,35,A,1,-0.0,False,A
design_16_0,36,A,2,0.8113,True,AL
design_16_0,37,A,1,-0.0,False,A
design_16_0,38,A,1,-0.0,False,A
design_16_0,39,D,1,-0.0,False,D
design_16_0,40,P,1,-0.0,False,P
design_16_0,41,A,2,0.8113,True,AE
design_16_0,42,L,3,1.2988,True,AKL
design_16_0,43,G,1,-0.0,False,G
design_16_0,44,A,2,0.9544,True,AP
design_16_0,45,A,1,-0.0,False,A
design_16_0,46,A,1,-0.0,False,A
design_16_0,47,A,3,1.2988,True,ART
design_16_0,48,A,1,-0.0,False,A
design_16_0,49,A,2,0.5436,True,AL
design_16_0,50,A,2,0.5436,True,AL
design_16_0,51,A,2,0.5436,True,AD
design_16_0,52,A,1,-0.0,False,A
design_16_0,53,A,2,0.5436,True,AR
design_16_0,54,A,2,0.5436,True,AR
design_16_0,55,A,1,-0.0,False,A
design_16_0,56,A,1,-0.0,False,A
design_16_0,57,A,1,-0.0,False,A
design_16_0,58,A,1,-0.0,False,A
design_16_0,59,A,1,-0.0,False,A
design_16_0,60,A,1,-0.0,False,A
design_16_0,61,A,3,1.2988,True,ADH
design_16_0,62,A,1,-0.0,False,A
design_16_0,63,A,1,-0.0,False,A
design_16_0,64,G,1,-0.0,False,G
design_16_0,65,R,4,1.75,True,AKLR
design_16_0,66,A,1,-0.0,False,A
design_16_0,67,R,2,0.9544,True,AR
design_16_0,68,V,1,-0.0,False,V
design_16_0,69,A,3,1.0613,True,AEL
design_16_0,70,A,1,-0.0,False,A
design_17_0,1,L,3,1.0613,True,LRT
design_17_0,2,E,2,0.5436,True,EL
design_17_0,3,E,2,0.9544,True,AE
design_17_0,4,A,2,0.9544,True,AK
design_17_0,5,L,1,-0.0,False,L
design_17_0,6,K,2,0.5436,True,AK
design_17_0,7,E,2,0.9544,True,AE
design_17_0,8,A,1,-0.0,False,A
design_17_0,9,E,2,0.5436,True,EQ
design_17_0,10,E,2,0.9544,True,EK
design_17_0,11,S,3,1.0613,True,AGS
design_17_0,12,I,2,0.9544,True,IV
design_17_0,13,A,2,0.9544,True,AE
design_17_0,14,R,2,0.9544,True,NR
design_17_0,15,L,2,0.5436,True,LR
design_17_0,16,Q,3,1.4056,True,EKQ
design_17_0,17,Q,3,1.5,True,AQR
design_17_0,18,F,1,-0.0,False,F
design_17_0,19,R,1,-0.0,False,R
design_17_0,20,D,2,0.5436,True,AD
design_17_0,21,Q,4,1.5488,True,ADEQ
design_17_0,22,A,1,-0.0,False,A
design_17_0,23,V,1,-0.0,False,V
design_17_0,24,A,2,0.5436,True,AE
design_17_0,25,A,2,1.0,True,AS
design_17_0,26,C,1,-0.0,False,C
design_17_0,27,K,4,1.8113,True,KLQR
design_17_0,28,A,1,-0.0,False,A
design_17_0,29,R,1,-0.0,False,R
design_17_0,30,A,1,-0.0,False,A
design_17_0,31,A,1,-0.0,False,A
design_17_0,32,A,3,1.0613,True,AER
design_17_0,33,L,2,0.5436,True,AL
design_17_0,34,A,2,0.5436,True,AE
design_17_0,35,A,1,-0.0,False,A
design_17_0,36,K,3,1.0613,True,AEK
design_17_0,37,D,1,-0.0,False,D
design_17_0,38,P,1,-0.0,False,P
design_17_0,39,A,1,-0.0,False,A
design_17_0,40,A,3,1.0613,True,AKR
design_17_0,41,G,1,-0.0,False,G
design_17_0,42,A,1,-0.0,False,A
design_17_0,43,A,2,0.5436,True,AE
design_17_0,44,A,2,0.5436,True,AL
design_17_0,45,A,3,1.2988,True,ALR
design_17_0,46,A,1,-0.0,False,A
design_17_0,47,E,1,-0.0,False,E
design_17_0,48,C,1,-0.0,False,C
design_17_0,49,A,2,0.5436,True,AE
design_17_0,50,A,2,0.5436,True,AK
design_17_0,51,G,2,0.8113,True,AG
design_17_0,52,E,5,2.1556,True,ADEKQ
design_17_0,53,A,2,0.5436,True,AE
design_17_0,54,R,1,-0.0,False,R
design_17_0,55,L,1,-0.0,False,L
design_17_0,56,D,4,1.75,True,DNST
design_17_0,57,A,2,0.5436,True,AE
design_17_0,58,A,1,-0.0,False,A
design_17_0,59,I,2,0.5436,True,IV
design_17_0,60,A,2,0.8113,True,AE
design_17_0,61,E,1,-0.0,False,E
design_17_0,62,R,2,0.5436,True,QR
design_17_0,63,R,3,1.2988,True,AER
design_17_0,64,E,3,1.4056,True,AEK
design_17_0,65,E,1,-0.0,False,E
design_17_0,66,A,1,-0.0,False,A
design_17_0,67,L,3,1.0613,True,KLR
design_17_0,68,A,2,0.5436,True,AE
design_17_0,69,R,2,0.8113,True,KR
design_17_0,70,I,2,0.5436,True,IV
design_18_0,1,A,1,-0.0,False,A
design_18_0,2,A,1,-0.0,False,A
design_18_0,3,A,1,-0.0,False,A
design_18_0,4,A,1,-0.0,False,A
design_18_0,5,A,1,-0.0,False,A
design_18_0,6,A,1,-0.0,False,A
design_18_0,7,A,1,-0.0,False,A
design_18_0,8,A,1,-0.0,False,A
design_18_0,9,A,1,-0.0,False,A
design_18_0,10,A,1,-0.0,False,A
design_18_0,11,A,1,-0.0,False,A
design_18_0,12,A,1,-0.0,False,A
design_18_0,13,R,3,1.2988,True,AKR
design_18_0,14,L,1,-0.0,False,L
design_18_0,15,A,2,0.9544,True,AQ
design_18_0,16,S,2,0.8113,True,AS
design_18_0,17,L,3,1.2988,True,AHL
design_18_0,18,V,1,-0.0,False,V
design_18_0,19,A,1,-0.0,False,A
design_18_0,20,G,1,-0.0,False,G
design_18_0,21,A,2,0.9544,True,AL
design_18_0,22,T,2,0.8113,True,AT
design_18_0,23,A,1,-0.0,False,A
design_18_0,24,A,3,1.0613,True,AMS
design_18_0,25,G,1,-0.0,False,G
design_18_0,26,E,3,1.0613,True,EIL
design_18_0,27,L,1,-0.0,False,L
design_18_0,28,N,1,-0.0,False,N
design_18_0,29,P,1,-0.0,False,P
design_18_0,30,K,4,1.75,True,AEKS
design_18_0,31,A,2,0.5436,True,AL
design_18_0,32,K,4,1.75,True,AKLR
design_18_0,33,P,2,0.9544,True,AP
design_18_0,34,A,2,0.9544,True,AE
design_18_0,35,V,1,-0.0,False,V
design_18_0,36,D,4,1.75,True,ADLT
design_18_0,37,A,1,-0.0,False,A
design_18_0,38,A,3,1.0613,True,ALT
design_18_0,39,I,3,1.4056,True,AIV
design_18_0,40,A,1,-0.0,False,A
design_18_0,41,A,2,0.5436,True,AK
design_18_0,42,L,1,-0.0,False,L
design_18_0,43,A,1,-0.0,False,A
design_18_0,44,A,1,-0.0,False,A
design_18_0,45,A,1,-0.0,False,A
design_18_0,46,F,3,1.0613,True,FHL
design_18_0,47,P,1,-0.0,False,P
design_18_0,48,A,1,-0.0,False,A
design_18_0,49,L,1,-0.0,False,L
design_18_0,50,A,1,-0.0,False,A
design_18_0,51,P,1,-0.0,False,P
design_18_0,52,A,1,-0.0,False,A
design_18_0,53,L,2,0.5436,True,IL
design_18_0,54,A,1,-0.0,False,A
design_18_0,55,A,1,-0.0,False,A
design_18_0,56,G,1,-0.0,False,G
design_18_0,57,A,2,0.5436,True,AR
design_18_0,58,A,1,-0.0,False,A
design_18_0,59,L,2,0.5436,True,KL
design_18_0,60,G,1,-0.0,False,G
design_18_0,61,K,2,0.5436,True,AK
design_18_0,62,A,3,1.2988,True,AEQ
design_18_0,63,L,1,-0.0,False,L
design_18_0,64,A,1,-0.0,False,A
design_18_0,65,A,2,0.5436,True,AL
design_18_0,66,G,1,-0.0,False,G
design_18_0,67,A,1,-0.0,False,A
design_18_0,68,K,1,-0.0,False,K
design_18_0,69,S,2,0.5436,True,AS
design_18_0,70,K,3,1.4056,True,KLR
design_19_0,1,S,1,-0.0,False,S
design_19_0,2,E,2,0.8113,True,AE
design_19_0,3,A,1,-0.0,False,A
design_19_0,4,A,1,-0.0,False,A
design_19_0,5,R,1,-0.0,False,R
design_19_0,6,A,1,-0.0,False,A
design_19_0,7,A,2,0.8113,True,AE
design_19_0,8,A,1,-0.0,False,A
design_19_0,9,A,2,0.5436,True,AR
design_19_0,10,A,1,-0.0,False,A
design_19_0,11,L,2,0.9544,True,AL
design_19_0,12,A,3,1.4056,True,AGR
design_19_0,13,A,2,0.5436,True,AD
design_19_0,14,A,1,-0.0,False,A
design_19_0,15,G,1,-0.0,False,G
design_19_0,16,R,2,0.9544,True,AR
design_19_0,17,A,1,-0.0,False,A
design_19_0,18,A,2,0.8113,True,AE
design_19_0,19,A,2,0.5436,True,AG
design_19_0,20,A,1,-0.0,False,A
design_19_0,21,A,2,0.8113,True,AK
design_19_0,22,T,2,0.8113,True,RT
design_19_0,23,A,1,-0.0,False,A
design_19_0,24,C,2,0.5436,True,AC
design_19_0,25,A,2,0.8113,True,AP
design_19_0,26,A,1,-0.0,False,A
design_19_0,27,A,1,-0.0,False,A
design_19_0,28,A,2,0.8113,True,AW
design_19_0,29,A,2,0.5436,True,AT
design_19_0,30,A,2,0.8113,True,AS
design_19_0,31,L,3,1.5613,True,ALY
design_19_0,32,A,1,-0.0,False,A
design_19_0,33,D,2,0.9544,True,AD
design_19_0,34,A,1,-0.0,False,A
design_19_0,35,E,3,1.4056,True,AET
design_19_0,36,A,1,-0.0,False,A
design_19_0,37,G,1,-0.0,False,G
design_19_0,38,A,1,-0.0,False,A
design_19_0,39,R,4,1.9056,True,ALRY
design_19_0,40,L,2,0.8113,True,AL
design_19_0,41,A,1,-0.0,False,A
design_19_0,42,S,2,0.8113,True,AS
design_19_0,43,A,2,0.9544,True,AK
design_19_0,44,E,4,1.75,True,DENV
design_19_0,45,G,2,0.5436,True,AG
design_19_0,46,G,1,-0.0,False,G
design_19_0,47,L,3,1.2988,True,LTV
design_19_0,48,S,1,-0.0,False,S
design_19_0,49,E,4,1.75,True,ELPQ
design_19_0,50,E,2,0.5436,True,AE
design_19_0,51,T,2,0.9544,True,ST
design_19_0,52,A,1,-0.0,False,A
design_19_0,53,K,5,2.1556,True,ADEKQ
design_19_0,54,A,2,0.5436,True,AQ
design_19_0,55,L,4,1.75,True,ALMN
design_19_0,56,I,2,0.5436,True,IV
design_19_0,57,A,1,-0.0,False,A
design_19_0,58,A,1,-0.0,False,A
design_19_0,59,T,3,1.2988,True,ATV
design_19_0,60,R,4,1.9056,True,AKNR
design_19_0,61,A,2,0.9544,True,AE
design_19_0,62,R,4,1.75,True,EKQR
design_19_0,63,A,1,-0.0,False,A
design_19_0,64,A,3,1.2988,True,AEK
design_19_0,65,R,3,1.2988,True,AKR
design_19_0,66,L,1,-0.0,False,L
design_19_0,67,C,2,0.5436,True,AC
design_19_0,68,A,1,-0.0,False,A
design_19_0,69,A,2,0.5436,True,AE
design_19_0,70,A,1,-0.0,False,A
design_1_0,1,S,1,-0.0,False,S
design_1_0,2,A,2,1.0,True,AE
design_1_0,3,A,2,0.5436,True,AK
design_1_0,4,G,4,1.75,True,DEGY
design_1_0,5,K,2,0.5436,True,KV
design_1_0,6,E,4,1.9056,True,AEKQ
design_1_0,7,A,1,-0.0,False,A
design_1_0,8,R,2,1.0,True,LR
design_1_0,9,A,3,1.4056,True,ARS
design_1_0,10,V,4,1.9056,True,IKTV
design_1_0,11,L,2,1.0,True,LM
design_1_0,12,A,1,-0.0,False,A
design_1_0,13,E,3,1.4056,True,AEQ
design_1_0,14,G,2,0.8113,True,AG
design_1_0,15,I,2,0.5436,True,FI
design_1_0,16,A,1,-0.0,False,A
design_1_0,17,E,3,1.0613,True,AEK
design_1_0,18,A,2,0.9544,True,AG
design_1_0,19,T,1,-0.0,False,T
design_1_0,20,K,2,0.5436,True,EK
design_1_0,21,A,2,1.0,True,AK
design_1_0,22,A,1,-0.0,False,A
design_1_0,23,A,2,1.0,True,AK
design_1_0,24,E,3,1.0613,True,EKT
design_1_0,25,N,2,0.9544,True,DN
design_1_0,26,L,1,-0.0,False,L
design_1_0,27,E,2,0.9544,True,AE
design_1_0,28,E,3,1.0613,True,AEK
design_1_0,29,G,1,-0.0,False,G
design_1_0,30,K,3,1.2988,True,KLN
design_1_0,31,K,3,1.5613,True,AEK
design_1_0,32,V,3,1.4056,True,ITV
design_1_0,33,L,2,0.9544,True,IL
design_1_0,34,D,3,1.4056,True,ADE
design_1_0,35,A,3,1.2988,True,AEK
design_1_0,36,A,2,0.8113,True,AG
design_1_0,37,T,4,1.8113,True,AERT
design_1_0,38,A,4,1.5488,True,ADEK
design_1_0,39,E,4,1.9056,True,AEKQ
design_1_0,40,A,1,-0.0,False,A
design_1_0,41,I,2,0.5436,True,IT
design_1_0,42,A,2,0.5436,True,AE
design_1_0,43,I,3,1.0613,True,ITV
design_1_0,44,S,2,0.5436,True,DS
design_1_0,45,P,1,-0.0,False,P
design_1_0,46,A,3,1.4056,True,AES
design_1_0,47,L,3,1.2988,True,AGL
design_1_0,48,A,1,-0.0,False,A
design_1_0,49,A,2,0.5436,True,AE
design_1_0,50,T,1,-0.0,False,T
design_1_0,51,F,3,1.2988,True,FIL
design_1_0,52,N,5,2.1556,True,DKNQR
design_1_0,53,A,1,-0.0,False,A
design_1_0,54,A,2,0.5436,True,AF
design_1_0,55,A,2,0.9544,True,AG
design_1_0,56,A,3,1.4056,True,ADE
design_1_0,57,A,1,-0.0,False,A
design_1_0,58,A,1,-0.0,False,A
design_1_0,59,K,3,1.2988,True,AKL
design_1_0,60,A,2,0.9544,True,AK
design_1_0,61,M,2,0.5436,True,AM
design_1_0,62,M,3,1.2988,True,ILM
design_1_0,63,E,4,1.75,True,ADEK
design_1_0,64,E,2,0.5436,True,DE
design_1_0,65,A,3,1.5613,True,AES
design_1_0,66,V,2,0.8113,True,AV
design_1_0,67,A,3,1.5,True,AEK
design_1_0,68,E,1,-0.0,False,E
design_1_0,69,R,2,0.5436,True,KR
design_1_0,70,A,3,1.4056,True,AEK
design_20_0,1,M,1,-0.0,False,M
design_20_0,2,S,2,0.5436,True,ST
design_20_0,3,L,1,-0.0,False,L
design_20_0,4,E,1,-0.0,False,E
design_20_0,5,K,2,0.5436,True,KL
design_20_0,6,Q,1,-0.0,False,Q
design_20_0,7,E,2,0.8113,True,DE
design_20_0,8,E,5,2.0,True,AEKQR
design_20_0,9,L,1,-0.0,False,L
design_20_0,10,G,1,-0.0,False,G
design_20_0,11,A,3,1.4056,True,ADE
design_20_0,12,A,1,-0.0,False,A
design_20_0,13,G,3,1.4056,True,AGM
design_20_0,14,A,1,-0.0,False,A
design_20_0,15,A,1,-0.0,False,A
design_20_0,16,A,2,0.5436,True,AG
design_20_0,17,A,1,-0.0,False,A
design_20_0,18,A,2,0.5436,True,AR
design_20_0,19,L,1,-0.0,False,L
design_20_0,20,L,1,-0.0,False,L
design_20_0,21,S,4,1.8113,True,KRSV
design_20_0,22,A,2,0.5436,True,AT
design_20_0,23,K,3,1.5,True,KLQ
design_20_0,24,G,1,-0.0,False,G
design_20_0,25,A,3,1.4056,True,AEK
design_20_0,26,S,1,-0.0,False,S
design_20_0,27,M,3,1.0613,True,GMQ
design_20_0,28,Q,2,1.0,True,EQ
design_20_0,29,E,3,1.0613,True,AET
design_20_0,30,I,2,0.5436,True,IV
design_20_0,31,A,1,-0.0,False,A
design_20_0,32,D,4,1.5488,True,ADNQ
design_20_0,33,F,2,0.5436,True,FV
design_20_0,34,I,2,1.0,True,IL
design_20_0,35,N,1,-0.0,False,N
design_20_0,36,F,2,0.8113,True,FY
design_20_0,37,M,3,1.2988,True,AGM
design_20_0,38,S,1,-0.0,False,S
design_20_0,39,K,3,1.0613,True,EKQ
design_20_0,40,N,3,1.2988,True,ENY
design_20_0,41,P,1,-0.0,False,P
design_20_0,42,E,1,-0.0,False,E
design_20_0,43,E,3,1.5613,True,AEK
design_20_0,44,G,1,-0.0,False,G
design_20_0,45,L,1,-0.0,False,L
design_20_0,46,E,2,0.8113,True,AE
design_20_0,47,K,4,1.8113,True,AEKL
design_20_0,48,G,2,0.5436,True,FG
design_20_0,49,K,3,1.2988,True,EKQ
design_20_0,50,A,2,1.0,True,AK
design_20_0,51,A,3,1.5,True,ALY
design_20_0,52,A,2,1.0,True,AK
design_20_0,53,A,2,0.8113,True,AE
design_20_0,54,A,3,1.4056,True,AEQ
design_20_0,55,L,1,-0.0,False,L
design_20_0,56,A,2,0.8113,True,AE
design_20_0,57,A,1,-0.0,False,A
design_20_0,58,A,2,0.5436,True,AL
design_20_0,59,K,3,1.2988,True,EKQ
design_20_0,60,A,1,-0.0,False,A
design_20_0,61,A,1,-0.0,False,A
design_20_0,62,A,2,0.5436,True,AE
design_20_0,63,A,1,-0.0,False,A
design_20_0,64,A,1,-0.0,False,A
design_20_0,65,A,1,-0.0,False,A
design_20_0,66,A,1,-0.0,False,A
design_20_0,67,A,1,-0.0,False,A
design_20_0,68,A,1,-0.0,False,A
design_20_0,69,A,1,-0.0,False,A
design_20_0,70,A,1,-0.0,False,A
design_21_0,1,A,3,1.5,True,AES
design_21_0,2,A,3,1.4056,True,AEK
design_21_0,3,E,3,1.0613,True,AEK
design_21_0,4,K,2,0.5436,True,KV
design_21_0,5,E,3,1.2988,True,AEK
design_21_0,6,E,3,1.5,True,AEK
design_21_0,7,L,1,-0.0,False,L
design_21_0,8,L,2,0.5436,True,LR
design_21_0,9,A,2,1.0,True,AK
design_21_0,10,K,3,1.4056,True,EKR
design_21_0,11,A,1,-0.0,False,A
design_21_0,12,E,3,1.5,True,AEK
design_21_0,13,E,1,-0.0,False,E
design_21_0,14,A,2,0.9544,True,AL
design_21_0,15,E,2,0.8113,True,ER
design_21_0,16,E,2,0.5436,True,EK
design_21_0,17,D,2,0.5436,True,DG
design_21_0,18,R,3,1.5613,True,KQR
design_21_0,19,A,2,1.0,True,AE
design_21_0,20,A,1,-0.0,False,A
design_21_0,21,L,3,1.2988,True,AFL
design_21_0,22,A,3,1.5,True,AET
design_21_0,23,R,2,0.5436,True,KR
design_21_0,24,A,1,-0.0,False,A
design_21_0,25,Y,4,1.9056,True,FGMY
design_21_0,26,E,3,1.2988,True,AER
design_21_0,27,Q,2,0.8113,True,LQ
design_21_0,28,A,1,-0.0,False,A
design_21_0,29,I,2,1.0,True,AI
design_21_0,30,A,3,1.2988,True,AEQ
design_21_0,31,S,1,-0.0,False,S
design_21_0,32,A,1,-0.0,False,A
design_21_0,33,K,3,1.4056,True,EKR
design_21_0,34,E,3,1.4056,True,AER
design_21_0,35,R,1,-0.0,False,R
design_21_0,36,G,1,-0.0,False,G
design_21_0,37,L,1,-0.0,False,L
design_21_0,38,P,1,-0.0,False,P
design_21_0,39,Q,3,1.0613,True,AEQ
design_21_0,40,A,3,1.5613,True,AES
design_21_0,41,V,1,-0.0,False,V
design_21_0,42,I,2,0.5436,True,IV
design_21_0,43,D,3,1.0613,True,DEQ
design_21_0,44,R,3,1.2988,True,KQR
design_21_0,45,I,2,0.5436,True,AI
design_21_0,46,R,4,1.75,True,EKQR
design_21_0,47,A,3,1.2988,True,AEQ
design_21_0,48,D,1,-0.0,False,D
design_21_0,49,G,2,0.5436,True,GK
design_21_0,50,A,2,0.8113,True,AE
design_21_0,51,I,3,1.4056,True,AIT
design_21_0,52,G,1,-0.0,False,G
design_21_0,53,V,3,1.4056,True,ATV
design_21_0,54,A,1,-0.0,False,A
design_21_0,55,K,2,0.9544,True,AK
design_21_0,56,L,2,0.5436,True,AL
design_21_0,57,T,3,1.5,True,AQT
design_21_0,58,A,1,-0.0,False,A
design_21_0,59,R,3,1.5,True,AKR
design_21_0,60,A,1,-0.0,False,A
design_21_0,61,D,4,1.75,True,ADEK
design_21_0,62,A,2,0.5436,True,AE
design_21_0,63,L,2,0.9544,True,AL
design_21_0,64,R,3,1.5613,True,EKR
design_21_0,65,A,2,0.5436,True,AE
design_21_0,66,Q,3,1.5613,True,EKQ
design_21_0,67,A,1,-0.0,False,A
design_21_0,68,E,2,0.9544,True,AE
design_21_0,69,A,2,0.5436,True,AK
design_21_0,70,L,1,-0.0,False,L
design_22_0,1,M,3,1.5,True,ELM
design_22_0,2,N,3,1.2988,True,ADN
design_22_0,3,E,4,1.8113,True,AELS
design_22_0,4,A,3,1.5,True,AEQ
design_22_0,5,D,1,-0.0,False,D
design_22_0,6,A,1,-0.0,False,A
design_22_0,7,R,1,-0.0,False,R
design_22_0,8,A,2,0.5436,True,AS
design_22_0,9,C,1,-0.0,False,C
design_22_0,10,L,3,1.2988,True,LNR
design_22_0,11,R,2,1.0,True,QR
design_22_0,12,A,1,-0.0,False,A
design_22_0,13,A,1,-0.0,False,A
design_22_0,14,A,3,1.5613,True,AEK
design_22_0,15,I,3,1.4056,True,INS
design_22_0,16,A,1,-0.0,False,A
design_22_0,17,L,3,1.0613,True,ELR
design_22_0,18,A,3,1.0613,True,AEQ
design_22_0,19,A,2,0.5436,True,AN
design_22_0,20,A,1,-0.0,False,A
design_22_0,21,A,2,0.8113,True,AK
design_22_0,22,A,2,0.5436,True,AE
design_22_0,23,N,2,0.5436,True,NR
design_22_0,24,P,1,-0.0,False,P
design_22_0,25,A,2,0.8113,True,AE
design_22_0,26,T,2,0.9544,True,HT
design_22_0,27,A,2,0.8113,True,AR
design_22_0,28,G,2,0.8113,True,GL
design_22_0,29,R,1,-0.0,False,R
design_22_0,30,H,4,1.8113,True,DHLY
design_22_0,31,L,2,0.5436,True,LR
design_22_0,32,V,2,0.8113,True,AV
design_22_0,33,A,1,-0.0,False,A
design_22_0,34,A,1,-0.0,False,A
design_22_0,35,A,1,-0.0,False,A
design_22_0,36,Y,3,1.2988,True,HWY
design_22_0,37,F,1,-0.0,False,F
design_22_0,38,L,4,1.9056,True,AELR
design_22_0,39,A,1,-0.0,False,A
design_22_0,40,R,4,1.9056,True,EKQR
design_22_0,41,A,1,-0.0,False,A
design_22_0,42,A,1,-0.0,False,A
design_22_0,43,E,2,1.0,True,EK
design_22_0,44,A,1,-0.0,False,A
design_22_0,45,L,3,1.5,True,AEL
design_22_0,46,D,2,0.5436,True,DN
design_22_0,47,P,2,0.5436,True,AP
design_22_0,48,A,1,-0.0,False,A
design_22_0,49,A,3,1.0613,True,ALR
design_22_0,50,G,1,-0.0,False,G
design_22_0,51,A,1,-0.0,False,A
design_22_0,52,A,2,0.5436,True,AE
design_22_0,53,A,2,0.8113,True,AV
design_22_0,54,A,2,0.9544,True,AR
design_22_0,55,A,1,-0.0,False,A
design_22_0,56,A,2,0.5436,True,AE
design_22_0,57,A,1,-0.0,False,A
design_22_0,58,A,2,0.8113,True,AD
design_22_0,59,A,1,-0.0,False,A
design_22_0,60,L,1,-0.0,False,L
design_22_0,61,A,2,0.5436,True,AD
design_22_0,62,A,1,-0.0,False,A
design_22_0,63,A,1,-0.0,False,A
design_22_0,64,V,2,0.8113,True,AV
design_22_0,65,A,2,0.5436,True,AE
design_22_0,66,A,1,-0.0,False,A
design_22_0,67,A,3,1.0613,True,AEK
design_22_0,68,A,3,1.5613,True,AEL
design_22_0,69,A,1,-0.0,False,A
design_22_0,70,A,1,-0.0,False,A
design_23_0,1,T,3,1.4056,True,MTV
design_23_0,2,G,1,-0.0,False,G
design_23_0,3,E,5,2.1556,True,AEKQR
design_23_0,4,G,1,-0.0,False,G
design_23_0,5,V,1,-0.0,False,V
design_23_0,6,R,1,-0.0,False,R
design_23_0,7,K,3,1.2988,True,AKL
design_23_0,8,V,2,0.5436,True,FV
design_23_0,9,G,2,0.5436,True,AG
design_23_0,10,E,1,-0.0,False,E
design_23_0,11,G,1,-0.0,False,G
design_23_0,12,A,3,1.2988,True,ACF
design_23_0,13,R,4,1.75,True,EKQR
design_23_0,14,L,1,-0.0,False,L
design_23_0,15,L,2,0.9544,True,LM
design_23_0,16,Q,4,1.5488,True,KQRT
design_23_0,17,E,3,1.2988,True,EQR
design_23_0,18,A,1,-0.0,False,A
design_23_0,19,V,1,-0.0,False,V
design_23_0,20,A,1,-0.0,False,A
design_23_0,21,L,1,-0.0,False,L
design_23_0,22,A,1,-0.0,False,A
design_23_0,23,P,1,-0.0,False,P
design_23_0,24,E,5,2.1556,True,EIKQV
design_23_0,25,D,1,-0.0,False,D
design_23_0,26,P,2,0.5436,True,AP
design_23_0,27,A,2,0.5436,True,AE
design_23_0,28,A,3,1.4056,True,AKR
design_23_0,29,A,1,-0.0,False,A
design_23_0,30,Q,4,1.8113,True,ADEQ
design_23_0,31,A,4,1.5488,True,AEQR
design_23_0,32,L,2,0.8113,True,KL
design_23_0,33,M,3,1.5,True,ALM
design_23_0,34,A,2,0.9544,True,AD
design_23_0,35,E,3,1.4056,True,EQR
design_23_0,36,G,1,-0.0,False,G
design_23_0,37,T,3,1.2988,True,DNT
design_23_0,38,A,3,1.2988,True,AER
design_23_0,39,L,1,-0.0,False,L
design_23_0,40,I,1,-0.0,False,I
design_23_0,41,A,3,1.2988,True,ADN
design_23_0,42,A,3,1.4056,True,AEQ
design_23_0,43,G,1,-0.0,False,G
design_23_0,44,M,3,1.4056,True,EMQ
design_23_0,45,A,3,1.0613,True,AKS
design_23_0,46,V,5,2.1556,True,EILTV
design_23_0,47,L,1,-0.0,False,L
design_23_0,48,S,1,-0.0,False,S
design_23_0,49,P,1,-0.0,False,P
design_23_0,50,A,1,-0.0,False,A
design_23_0,51,A,1,-0.0,False,A
design_23_0,52,A,1,-0.0,False,A
design_23_0,53,A,1,-0.0,False,A
design_23_0,54,A,1,-0.0,False,A
design_23_0,55,A,1,-0.0,False,A
design_23_0,56,A,4,1.9056,True,ADER
design_23_0,57,A,1,-0.0,False,A
design_23_0,58,V,4,1.5488,True,INTV
design_23_0,59,R,2,0.8113,True,KR
design_23_0,60,A,2,1.0,True,AD
design_23_0,61,A,1,-0.0,False,A
design_23_0,62,L,1,-0.0,False,L
design_23_0,63,T,4,1.8113,True,ELQT
design_23_0,64,A,1,-0.0,False,A
design_23_0,65,A,2,0.5436,True,AQ
design_23_0,66,F,3,1.4056,True,FLY
design_23_0,67,A,4,1.9056,True,AEKR
design_23_0,68,A,1,-0.0,False,A
design_23_0,69,A,1,-0.0,False,A
design_23_0,70,L,3,1.5613,True,KLR
design_2_0,1,G,1,-0.0,False,G
design_2_0,2,E,2,0.5436,True,DE
design_2_0,3,E,3,1.5,True,ERT
design_2_0,4,A,1,-0.0,False,A
design_2_0,5,E,1,-0.0,False,E
design_2_0,6,A,2,0.9544,True,AE
design_2_0,7,L,1,-0.0,False,L
design_2_0,8,A,2,0.8113,True,AM
design_2_0,9,R,3,1.2988,True,AKR
design_2_0,10,K,4,1.8113,True,AEKQ
design_2_0,11,A,1,-0.0,False,A
design_2_0,12,N,1,-0.0,False,N
design_2_0,13,E,2,1.0,True,AE
design_2_0,14,A,2,0.5436,True,AK
design_2_0,15,F,5,2.1556,True,AFLVY
design_2_0,16,A,2,0.5436,True,AT
design_2_0,17,A,2,0.5436,True,AT
design_2_0,18,A,1,-0.0,False,A
design_2_0,19,K,3,1.2988,True,IKL
design_2_0,20,A,1,-0.0,False,A
design_2_0,21,A,4,1.75,True,AKNT
design_2_0,22,A,1,-0.0,False,A
design_2_0,23,A,2,0.5436,True,AK
design_2_0,24,D,1,-0.0,False,D
design_2_0,25,A,2,0.8113,True,AK
design_2_0,26,A,2,0.8113,True,AE
design_2_0,27,K,3,1.5,True,AKL
design_2_0,28,A,2,0.5436,True,AQ
design_2_0,29,A,1,-0.0,False,A
design_2_0,30,A,3,1.0613,True,AEK
design_2_0,31,L,3,1.0613,True,AEL
design_2_0,32,A,3,1.5613,True,ART
design_2_0,33,A,2,0.5436,True,AD
design_2_0,34,A,4,1.9056,True,AEKQ
design_2_0,35,M,2,0.5436,True,AM
design_2_0,36,N,2,0.5436,True,EN
design_2_0,37,A,2,0.5436,True,AE
design_2_0,38,Y,3,1.5,True,AKY
design_2_0,39,L,1,-0.0,False,L
design_2_0,40,D,1,-0.0,False,D
design_2_0,41,E,3,1.5613,True,AEK
design_2_0,42,L,1,-0.0,False,L
design_2_0,43,A,1,-0.0,False,A
design_2_0,44,K,3,1.5613,True,AEK
design_2_0,45,L,1,-0.0,False,L
design_2_0,46,T,1,-0.0,False,T
design_2_0,47,G,1,-0.0,False,G
design_2_0,48,N,2,1.0,True,HN
design_2_0,49,G,1,-0.0,False,G
design_2_0,50,G,1,-0.0,False,G
design_2_0,51,K,3,1.0613,True,EKV
design_2_0,52,A,1,-0.0,False,A
design_2_0,53,V,1,-0.0,False,V
design_2_0,54,K,1,-0.0,False,K
design_2_0,55,A,1,-0.0,False,A
design_2_0,56,K,4,1.9056,True,ADHK
design_2_0,57,A,2,0.9544,True,AM
design_2_0,58,N,3,1.2988,True,LNT
design_2_0,59,A,1,-0.0,False,A
design_2_0,60,D,4,1.75,True,ADET
design_2_0,61,L,3,1.5613,True,FIL
design_2_0,62,A,3,1.0613,True,ADE
design_2_0,63,A,1,-0.0,False,A
design_2_0,64,T,2,1.0,True,AT
design_2_0,65,A,2,0.5436,True,AR
design_2_0,66,A,1,-0.0,False,A
design_2_0,67,A,1,-0.0,False,A
design_2_0,68,A,2,0.8113,True,AT
design_2_0,69,A,2,0.5436,True,AE
design_2_0,70,A,1,-0.0,False,A
design_3_0,1,A,2,0.5436,True,AS
design_3_0,2,A,2,0.8113,True,AE
design_3_0,3,E,3,1.2988,True,AEK
design_3_0,4,R,4,1.9056,True,AEKR
design_3_0,5,A,2,0.5436,True,AR
design_3_0,6,A,4,1.5488,True,AEKQ
design_3_0,7,E,1,-0.0,False,E
design_3_0,8,L,1,-0.0,False,L
design_3_0,9,L,3,1.2988,True,LNR
design_3_0,10,E,3,1.5,True,ADE
design_3_0,11,K,3,1.5613,True,GKN
design_3_0,12,A,1,-0.0,False,A
design_3_0,13,A,4,1.9056,True,ADEN
design_3_0,14,A,1,-0.0,False,A
design_3_0,15,A,1,-0.0,False,A
design_3_0,16,N,4,1.75,True,DENR
design_3_0,17,R,3,1.0613,True,KQR
design_3_0,18,A,1,-0.0,False,A
design_3_0,19,A,1,-0.0,False,A
design_3_0,20,A,2,0.8113,True,AE
design_3_0,21,N,2,0.5436,True,NR
design_3_0,22,V,3,1.4056,True,ILV
design_3_0,23,A,3,1.2988,True,ADK
design_3_0,24,A,3,1.5613,True,AEK
design_3_0,25,S,3,1.5613,True,IST
design_3_0,26,A,2,0.8113,True,AG
design_3_0,27,A,3,1.2988,True,ADE
design_3_0,28,A,4,1.75,True,AEIR
design_3_0,29,K,2,0.5436,True,KR
design_3_0,30,T,1,-0.0,False,T
design_3_0,31,A,1,-0.0,False,A
design_3_0,32,E,2,0.8113,True,AE
design_3_0,33,L,1,-0.0,False,L
design_3_0,34,R,4,1.8113,True,EKRT
design_3_0,35,A,1,-0.0,False,A
design_3_0,36,A,2,0.5436,True,AE
design_3_0,37,G,1,-0.0,False,G
design_3_0,38,K,3,1.0613,True,DEK
design_3_0,39,T,3,1.4056,True,DET
design_3_0,40,A,2,0.8113,True,AE
design_3_0,41,E,2,0.8113,True,AE
design_3_0,42,A,1,-0.0,False,A
design_3_0,43,A,1,-0.0,False,A
design_3_0,44,A,1,-0.0,False,A
design_3_0,45,V,3,1.0613,True,ATV
design_3_0,46,K,3,1.4056,True,AKR
design_3_0,47,A,1,-0.0,False,A
design_3_0,48,Q,3,1.2988,True,AKQ
design_3_0,49,L,2,0.9544,True,LY
design_3_0,50,D,2,0.9544,True,AD
design_3_0,51,A,1,-0.0,False,A
design_3_0,52,A,1,-0.0,False,A
design_3_0,53,A,3,1.2988,True,AQR
design_3_0,54,A,2,0.5436,True,AK
design_3_0,55,A,1,-0.0,False,A
design_3_0,56,L,1,-0.0,False,L
design_3_0,57,L,5,2.25,True,ELNRT
design_3_0,58,A,1,-0.0,False,A
design_3_0,59,A,1,-0.0,False,A
design_3_0,60,A,1,-0.0,False,A
design_3_0,61,A,4,1.5488,True,ADEQ
design_3_0,62,A,3,1.2988,True,AKR
design_3_0,63,A,2,0.9544,True,AD
design_3_0,64,R,3,1.2988,True,AQR
design_3_0,65,A,2,0.5436,True,AD
design_3_0,66,A,3,1.0613,True,AEQ
design_3_0,67,A,1,-0.0,False,A
design_3_0,68,A,3,1.5613,True,ADE
design_3_0,69,A,1,-0.0,False,A
design_3_0,70,L,1,-0.0,False,L
design_4_0,1,S,2,0.5436,True,DS
design_4_0,2,E,2,0.9544,True,AE
design_4_0,3,E,3,1.4056,True,AEK
design_4_0,4,A,3,1.5613,True,AKV
design_4_0,5,K,3,1.5613,True,AKR
design_4_0,6,E,3,1.5,True,AER
design_4_0,7,A,4,1.8113,True,AEQR
design_4_0,8,A,1,-0.0,False,A
design_4_0,9,E,2,0.5436,True,EK
design_4_0,10,A,3,1.4056,True,AEK
design_4_0,11,A,2,0.8113,True,AY
design_4_0,12,R,4,1.9056,True,AFRW
design_4_0,13,A,2,0.5436,True,AE
design_4_0,14,R,4,1.8113,True,AEKR
design_4_0,15,A,1,-0.0,False,A
design_4_0,16,A,5,2.25,True,AEGRY
design_4_0,17,A,3,1.2988,True,AEK
design_4_0,18,R,3,1.5613,True,GLR
design_4_0,19,I,3,1.0613,True,AIV
design_4_0,20,A,3,1.4056,True,AKT
design_4_0,21,A,1,-0.0,False,A
design_4_0,22,L,2,0.8113,True,KL
design_4_0,23,D,2,0.5436,True,DN
design_4_0,24,P,1,-0.0,False,P
design_4_0,25,A,2,0.8113,True,AE
design_4_0,26,N,2,0.5436,True,NQ
design_4_0,27,A,1,-0.0,False,A
design_4_0,28,E,2,0.9544,True,AE
design_4_0,29,A,4,2.0,True,AKQR
design_4_0,30,I,1,-0.0,False,I
design_4_0,31,M,2,0.5436,True,LM
design_4_0,32,A,2,0.5436,True,AE
design_4_0,33,A,2,0.8113,True,AN
design_4_0,34,I,2,0.5436,True,IV
design_4_0,35,K,4,1.75,True,DEKR
design_4_0,36,E,2,0.5436,True,EK
design_4_0,37,V,3,1.5,True,ISV
design_4_0,38,S,1,-0.0,False,S
design_4_0,39,G,2,0.9544,True,GP
design_4_0,40,G,3,1.0613,True,GNQ
design_4_0,41,G,1,-0.0,False,G
design_4_0,42,A,1,-0.0,False,A
design_4_0,43,R,2,0.8113,True,ER
design_4_0,44,A,2,0.5436,True,AM
design_4_0,45,I,1,-0.0,False,I
design_4_0,46,G,1,-0.0,False,G
design_4_0,47,L,2,0.5436,True,KL
design_4_0,48,G,1,-0.0,False,G
design_4_0,49,L,1,-0.0,False,L
design_4_0,50,G,1,-0.0,False,G
design_4_0,51,D,3,1.0613,True,DNS
design_4_0,52,E,3,1.0613,True,AEK
design_4_0,53,E,2,0.5436,True,EK
design_4_0,54,L,2,0.8113,True,LM
design_4_0,55,A,1,-0.0,False,A
design_4_0,56,E,2,0.5436,True,ER
design_4_0,57,L,4,1.5488,True,AEKL
design_4_0,58,A,1,-0.0,False,A
design_4_0,59,G,2,1.0,True,EG
design_4_0,60,K,4,1.9056,True,EKQR
design_4_0,61,A,1,-0.0,False,A
design_4_0,62,A,1,-0.0,False,A
design_4_0,63,E,3,1.5613,True,EKR
design_4_0,64,L,2,0.5436,True,LY
design_4_0,65,R,1,-0.0,False,R
design_4_0,66,R,2,0.9544,True,KR
design_4_0,67,E,4,1.5488,True,AEKL
design_4_0,68,V,2,0.5436,True,AV
design_4_0,69,K,3,1.5613,True,AEK
design_4_0,70,A,3,1.4056,True,AKR
design_5_0,1,L,3,1.0613,True,ALM
design_5_0,2,E,3,1.4056,True,AEL
design_5_0,3,A,3,1.4056,True,AEK
design_5_0,4,E,2,0.8113,True,EK
design_5_0,5,A,1,-0.0,False,A
design_5_0,6,E,3,1.0613,True,AEK
design_5_0,7,E,3,1.4056,True,AEK
design_5_0,8,L,3,1.2988,True,AEL
design_5_0,9,R,1,-0.0,False,R
design_5_0,10,E,2,0.8113,True,AE
design_5_0,11,K,3,1.2988,True,EKR
design_5_0,12,A,1,-0.0,False,A
design_5_0,13,N,2,0.8113,True,NS
design_5_0,14,E,2,0.5436,True,EQ
design_5_0,15,Y,3,1.5613,True,KLY
design_5_0,16,V,1,-0.0,False,V
design_5_0,17,Q,2,1.0,True,QR
design_5_0,18,E,2,0.9544,True,EQ
design_5_0,19,A,1,-0.0,False,A
design_5_0,20,A,1,-0.0,False,A
design_5_0,21,K,2,0.5436,True,EK
design_5_0,22,V,2,0.5436,True,IV
design_5_0,23,G,1,-0.0,False,G
design_5_0,24,K,1,-0.0,False,K
design_5_0,25,E,4,1.75,True,DEKQ
design_5_0,26,A,1,-0.0,False,A
design_5_0,27,L,1,-0.0,False,L
design_5_0,28,D,1,-0.0,False,D
design_5_0,29,L,2,0.8113,True,KL
design_5_0,30,A,1,-0.0,False,A
design_5_0,31,E,1,-0.0,False,E
design_5_0,32,K,3,1.4056,True,EKQ
design_5_0,33,S,1,-0.0,False,S
design_5_0,34,D,2,0.9544,True,DS
design_5_0,35,P,1,-0.0,False,P
design_5_0,36,E,2,0.5436,True,AE
design_5_0,37,E,3,1.4056,True,ETV
design_5_0,38,G,1,-0.0,False,G
design_5_0,39,A,1,-0.0,False,A
design_5_0,40,K,2,0.9544,True,AK
design_5_0,41,I,2,0.5436,True,IY
design_5_0,42,L,1,-0.0,False,L
design_5_0,43,A,1,-0.0,False,A
design_5_0,44,E,4,1.5488,True,AEKQ
design_5_0,45,A,1,-0.0,False,A
design_5_0,46,K,1,-0.0,False,K
design_5_0,47,A,2,0.8113,True,AK
design_5_0,48,K,3,1.2988,True,EKQ
design_5_0,49,A,1,-0.0,False,A
design_5_0,50,T,3,1.2988,True,AET
design_5_0,51,E,2,1.0,True,AE
design_5_0,52,L,1,-0.0,False,L
design_5_0,53,C,3,1.2988,True,ACS
design_5_0,54,A,3,1.2988,True,AEK
design_5_0,55,K,2,1.0,True,EK
design_5_0,56,A,1,-0.0,False,A
design_5_0,57,H,1,-0.0,False,H
design_5_0,58,E,2,0.9544,True,AE
design_5_0,59,A,5,2.0,True,ACKSY
design_5_0,60,A,2,0.5436,True,AD
design_5_0,61,A,2,0.5436,True,AK
design_5_0,62,K,3,1.0613,True,EKR
design_5_0,63,A,1,-0.0,False,A
design_5_0,64,A,3,1.2988,True,AKR
design_5_0,65,E,2,1.0,True,AE
design_5_0,66,L,1,-0.0,False,L
design_5_0,67,R,3,1.2988,True,ELR
design_5_0,68,A,1,-0.0,False,A
design_5_0,69,A,2,0.5436,True,AK
design_5_0,70,A,1,-0.0,False,A
design_6_0,1,A,1,-0.0,False,A
design_6_0,2,T,3,1.5613,True,ERT
design_6_0,3,C,2,0.5436,True,CT
design_6_0,4,A,3,1.2988,True,AEQ
design_6_0,5,A,2,1.0,True,AE
design_6_0,6,L,1,-0.0,False,L
design_6_0,7,A,3,1.2988,True,ATV
design_6_0,8,E,2,0.5436,True,DE
design_6_0,9,K,2,0.8113,True,KR
design_6_0,10,A,3,1.0613,True,ATV
design_6_0,11,E,2,0.5436,True,EK
design_6_0,12,A,1,-0.0,False,A
design_6_0,13,A,1,-0.0,False,A
design_6_0,14,A,1,-0.0,False,A
design_6_0,15,K,2,0.5436,True,KT
design_6_0,16,A,1,-0.0,False,A
design_6_0,17,Y,2,0.5436,True,LY
design_6_0,18,G,3,1.2988,True,AGK
design_6_0,19,L,2,1.0,True,AL
design_6_0,20,A,1,-0.0,False,A
design_6_0,21,L,2,0.8113,True,LR
design_6_0,22,I,4,1.9056,True,IKQV
design_6_0,23,A,1,-0.0,False,A
design_6_0,24,G,1,-0.0,False,G
design_6_0,25,N,1,-0.0,False,N
design_6_0,26,E,2,0.9544,True,AE
design_6_0,27,T,2,0.9544,True,KT
design_6_0,28,A,1,-0.0,False,A
design_6_0,29,A,1,-0.0,False,A
design_6_0,30,A,2,0.8113,True,AK
design_6_0,31,E,1,-0.0,False,E
design_6_0,32,A,1,-0.0,False,A
design_6_0,33,Q,5,2.25,True,AEKQR
design_6_0,34,A,2,0.9544,True,AK
design_6_0,35,A,1,-0.0,False,A
design_6_0,36,A,2,0.8113,True,AL
design_6_0,37,E,4,1.9056,True,ADEK
design_6_0,38,A,1,-0.0,False,A
design_6_0,39,V,2,0.8113,True,TV
design_6_0,40,I,2,0.9544,True,IL
design_6_0,41,A,1,-0.0,False,A
design_6_0,42,E,2,0.9544,True,AE
design_6_0,43,A,1,-0.0,False,A
design_6_0,44,A,1,-0.0,False,A
design_6_0,45,A,2,0.8113,True,AK
design_6_0,46,D,2,0.5436,True,DN
design_6_0,47,P,1,-0.0,False,P
design_6_0,48,E,2,0.8113,True,AE
design_6_0,49,C,2,0.5436,True,AC
design_6_0,50,A,2,0.5436,True,AK
design_6_0,51,A,1,-0.0,False,A
design_6_0,52,K,3,1.4056,True,AKR
design_6_0,53,C,3,1.2988,True,ACV
design_6_0,54,Q,6,2.5,True,AEKQRT
design_6_0,55,A,1,-0.0,False,A
design_6_0,56,T,2,0.9544,True,TV
design_6_0,57,V,3,1.5,True,AVW
design_6_0,58,D,4,1.75,True,ADEK
design_6_0,59,E,3,1.5613,True,AEK
design_6_0,60,V,3,1.2988,True,ETV
design_6_0,61,R,3,1.5,True,AER
design_6_0,62,A,2,0.5436,True,AE
design_6_0,63,A,3,1.4056,True,AEK
design_6_0,64,A,2,0.8113,True,AG
design_6_0,65,K,2,0.9544,True,AK
design_6_0,66,K,2,1.0,True,AK
design_6_0,67,A,3,1.5,True,AEL
design_6_0,68,A,1,-0.0,False,A
design_6_0,69,A,1,-0.0,False,A
design_6_0,70,A,2,0.9544,True,AE
design_7_0,1,A,1,-0.0,False,A
design_7_0,2,A,1,-0.0,False,A
design_7_0,3,A,1,-0.0,False,A
design_7_0,4,R,3,1.4056,True,ALR
design_7_0,5,R,2,0.5436,True,AR
design_7_0,6,A,1,-0.0,False,A
design_7_0,7,A,1,-0.0,False,A
design_7_0,8,L,2,0.5436,True,AL
design_7_0,9,L,2,0.8113,True,LR
design_7_0,10,A,1,-0.0,False,A
design_7_0,11,A,2,0.5436,True,AQ
design_7_0,12,A,1,-0.0,False,A
design_7_0,13,A,2,0.9544,True,AD
design_7_0,14,A,2,0.5436,True,AE
design_7_0,15,L,3,1.2988,True,AKL
design_7_0,16,A,4,1.5488,True,AEKR
design_7_0,17,A,1,-0.0,False,A
design_7_0,18,A,4,1.5488,True,AEKQ
design_7_0,19,A,1,-0.0,False,A
design_7_0,20,A,1,-0.0,False,A
design_7_0,21,A,2,0.5436,True,AE
design_7_0,22,Q,3,1.5,True,ADQ
design_7_0,23,V,3,1.0613,True,ATV
design_7_0,24,A,1,-0.0,False,A
design_7_0,25,A,3,1.2988,True,AKS
design_7_0,26,L,1,-0.0,False,L
design_7_0,27,D,4,1.9056,True,ADEN
design_7_0,28,A,2,0.5436,True,AK
design_7_0,29,V,2,1.0,True,AV
design_7_0,30,A,1,-0.0,False,A
design_7_0,31,A,3,1.0613,True,AEK
design_7_0,32,E,3,1.2988,True,AEV
design_7_0,33,A,2,0.9544,True,AL
design_7_0,34,L,4,2.0,True,EKLT
design_7_0,35,A,2,0.9544,True,AE
design_7_0,36,A,1,-0.0,False,A
design_7_0,37,G,1,-0.0,False,G
design_7_0,38,N,1,-0.0,False,N
design_7_0,39,E,4,1.75,True,AEKQ
design_7_0,40,A,2,0.5436,True,AE
design_7_0,41,G,1,-0.0,False,G
design_7_0,42,A,1,-0.0,False,A
design_7_0,43,E,3,1.5,True,AEK
design_7_0,44,D,2,0.9544,True,AD
design_7_0,45,L,2,0.5436,True,LM
design_7_0,46,R,3,1.4056,True,KLR
design_7_0,47,A,1,-0.0,False,A
design_7_0,48,A,3,1.4056,True,AKQ
design_7_0,49,A,1,-0.0,False,A
design_7_0,50,A,1,-0.0,False,A
design_7_0,51,A,1,-0.0,False,A
design_7_0,52,L,1,-0.0,False,L
design_7_0,53,A,4,1.75,True,AEKR
design_7_0,54,A,1,-0.0,False,A
design_7_0,55,A,1,-0.0,False,A
design_7_0,56,T,2,0.5436,True,AT
design_7_0,57,A,3,1.2988,True,ADE
design_7_0,58,A,1,-0.0,False,A
design_7_0,59,E,3,1.5,True,AEQ
design_7_0,60,V,1,-0.0,False,V
design_7_0,61,A,1,-0.0,False,A
design_7_0,62,A,1,-0.0,False,A
design_7_0,63,L,2,0.8113,True,AL
design_7_0,64,R,3,1.0613,True,NRV
design_7_0,65,A,1,-0.0,False,A
design_7_0,66,A,2,0.5436,True,AE
design_7_0,67,A,1,-0.0,False,A
design_7_0,68,A,1,-0.0,False,A
design_7_0,69,A,1,-0.0,False,A
design_7_0,70,L,1,-0.0,False,L
design_8_0,1,A,4,1.5488,True,ADES
design_8_0,2,L,3,1.5613,True,AEL
design_8_0,3,L,3,1.5613,True,AEL
design_8_0,4,A,3,1.2988,True,AEK
design_8_0,5,A,3,1.2988,True,AER
design_8_0,6,L,4,1.8113,True,AELR
design_8_0,7,A,4,1.75,True,AEQR
design_8_0,8,A,3,1.4056,True,AER
design_8_0,9,A,2,0.8113,True,AE
design_8_0,10,A,2,0.5436,True,AE
design_8_0,11,A,1,-0.0,False,A
design_8_0,12,A,1,-0.0,False,A
design_8_0,13,A,2,0.5436,True,AE
design_8_0,14,A,1,-0.0,False,A
design_8_0,15,A,1,-0.0,False,A
design_8_0,16,A,3,1.0613,True,AHR
design_8_0,17,A,3,1.0613,True,AEK
design_8_0,18,A,2,0.8113,True,AE
design_8_0,19,A,2,0.9544,True,AR
design_8_0,20,L,1,-0.0,False,L
design_8_0,21,A,2,0.8113,True,AE
design_8_0,22,A,2,0.5436,True,AE
design_8_0,23,T,2,0.5436,True,AT
design_8_0,24,R,1,-0.0,False,R
design_8_0,25,A,1,-0.0,False,A
design_8_0,26,A,1,-0.0,False,A
design_8_0,27,A,1,-0.0,False,A
design_8_0,28,A,1,-0.0,False,A
design_8_0,29,A,1,-0.0,False,A
design_8_0,30,A,1,-0.0,False,A
design_8_0,31,V,1,-0.0,False,V
design_8_0,32,A,1,-0.0,False,A
design_8_0,33,A,1,-0.0,False,A
design_8_0,34,A,1,-0.0,False,A
design_8_0,35,A,1,-0.0,False,A
design_8_0,36,A,1,-0.0,False,A
design_8_0,37,A,3,1.4056,True,AEQ
design_8_0,38,A,2,0.5436,True,AG
design_8_0,39,A,2,0.5436,True,AQ
design_8_0,40,A,1,-0.0,False,A
design_8_0,41,L,2,0.5436,True,AL
design_8_0,42,L,1,-0.0,False,L
design_8_0,43,A,1,-0.0,False,A
design_8_0,44,A,1,-0.0,False,A
design_8_0,45,G,1,-0.0,False,G
design_8_0,46,G,1,-0.0,False,G
design_8_0,47,S,1,-0.0,False,S
design_8_0,48,R,1,-0.0,False,R
design_8_0,49,E,3,1.0613,True,ADE
design_8_0,50,E,3,1.2988,True,ADE
design_8_0,51,A,1,-0.0,False,A
design_8_0,52,A,1,-0.0,False,A
design_8_0,53,Q,5,2.1556,True,AEKQR
design_8_0,54,L,2,0.5436,True,AL
design_8_0,55,V,2,0.5436,True,LV
design_8_0,56,A,1,-0.0,False,A
design_8_0,57,D,2,0.8113,True,AD
design_8_0,58,A,1,-0.0,False,A
design_8_0,59,A,3,1.4056,True,ACV
design_8_0,60,R,3,1.2988,True,AKR
design_8_0,61,A,1,-0.0,False,A
design_8_0,62,A,1,-0.0,False,A
design_8_0,63,I,1,-0.0,False,I
design_8_0,64,A,3,1.4056,True,AKR
design_8_0,65,A,2,0.5436,True,AT
design_8_0,66,V,1,-0.0,False,V
design_8_0,67,D,2,0.5436,True,DE
design_8_0,68,A,1,-0.0,False,A
design_8_0,69,A,1,-0.0,False,A
design_8_0,70,E,2,0.5436,True,AE
design_9_0,1,A,1,-0.0,False,A
design_9_0,2,A,1,-0.0,False,A
design_9_0,3,L,2,0.8113,True,LV
design_9_0,4,D,2,0.9544,True,AD
design_9_0,5,A,1,-0.0,False,A
design_9_0,6,A,1,-0.0,False,A
design_9_0,7,V,3,1.2988,True,ATV
design_9_0,8,A,1,-0.0,False,A
design_9_0,9,A,3,1.2988,True,AEQ
design_9_0,10,A,1,-0.0,False,A
design_9_0,11,A,4,1.75,True,ACGH
design_9_0,12,L,3,1.2988,True,ALM
design_9_0,13,A,3,1.0613,True,ADY
design_9_0,14,L,2,0.5436,True,AL
design_9_0,15,A,1,-0.0,False,A
design_9_0,16,R,3,1.5,True,NRS
design_9_0,17,A,1,-0.0,False,A
design_9_0,18,V,1,-0.0,False,V
design_9_0,19,A,3,1.0613,True,AEK
design_9_0,20,D,4,1.9056,True,DGNS
design_9_0,21,A,1,-0.0,False,A
design_9_0,22,S,1,-0.0,False,S
design_9_0,23,E,2,1.0,True,EP
design_9_0,24,A,2,1.0,True,AE
design_9_0,25,E,2,0.5436,True,EV
design_9_0,26,Q,1,-0.0,False,Q
design_9_0,27,A,3,1.0613,True,AEQ
design_9_0,28,A,2,0.9544,True,AE
design_9_0,29,A,1,-0.0,False,A
design_9_0,30,A,1,-0.0,False,A
design_9_0,31,A,2,0.5436,True,AK
design_9_0,32,R,3,1.4056,True,ALR
design_9_0,33,A,3,1.2988,True,ACI
design_9_0,34,N,1,-0.0,False,N
design_9_0,35,A,3,1.0613,True,AEQ
design_9_0,36,A,1,-0.0,False,A
design_9_0,37,A,2,1.0,True,AM
design_9_0,38,V,2,1.0,True,QV
design_9_0,39,A,2,0.8113,True,AL
design_9_0,40,A,2,0.5436,True,AL
design_9_0,41,R,2,0.9544,True,AR
design_9_0,42,A,1,-0.0,False,A
design_9_0,43,D,1,-0.0,False,D
design_9_0,44,P,1,-0.0,False,P
design_9_0,45,A,1,-0.0,False,A
design_9_0,46,A,1,-0.0,False,A
design_9_0,47,A,1,-0.0,False,A
design_9_0,48,P,1,-0.0,False,P
design_9_0,49,A,2,0.5436,True,AE
design_9_0,50,H,3,1.4056,True,AHK
design_9_0,51,L,1,-0.0,False,L
design_9_0,52,A,1,-0.0,False,A
design_9_0,53,A,2,0.5436,True,AR
design_9_0,54,W,3,1.0613,True,DWY
design_9_0,55,P,1,-0.0,False,P
design_9_0,56,E,1,-0.0,False,E
design_9_0,57,A,1,-0.0,False,A
design_9_0,58,Q,2,0.8113,True,AQ
design_9_0,59,A,1,-0.0,False,A
design_9_0,60,A,3,1.5,True,ALR
design_9_0,61,L,1,-0.0,False,L
design_9_0,62,A,3,1.4056,True,AEK
design_9_0,63,A,1,-0.0,False,A
design_9_0,64,R,3,1.4056,True,ALR
design_9_0,65,I,2,0.9544,True,IL
design_9_0,66,A,1,-0.0,False,A
design_9_0,67,A,2,0.8113,True,AE
design_9_0,68,A,1,-0.0,False,A
design_9_0,69,A,4,1.75,True,AKLQ
design_9_0,70,A,1,-0.0,False,A
